instance,n_nodes,S,objective,outbound,routes,distance,co2,obj_best,obj_mean,obj_sd,obj_worst,cv_pct,time_per_seed_s
A-n32-k5,32,2,dist,1,16,2067.51,1606.499,2067.507,2071.371,7.729,2086.829,0.373,0.227
A-n32-k5,32,2,dist,0,16,1062.22,866.091,1062.215,1066.304,3.138,1071.792,0.294,0.347
A-n32-k5,32,2,emis,1,16,2068.79,1600.659,1600.659,1604.548,5.417,1615.386,0.338,0.353
A-n32-k5,32,2,emis,0,16,1063.29,866.556,866.556,869.224,2.422,875.014,0.279,0.363
A-n32-k5,32,3,dist,1,11,1506.27,1209.944,1506.268,1511.649,7.976,1526.126,0.528,0.771
A-n32-k5,32,3,dist,0,11,804.36,680.031,804.359,806.023,4.706,820.119,0.584,1.117
A-n32-k5,32,3,emis,1,11,1506.27,1194.174,1194.174,1198.103,5.602,1206.615,0.468,1.123
A-n32-k5,32,3,emis,0,11,805.24,679.968,679.968,682.46,4.849,692.153,0.711,1.281
A-n32-k5,32,4,dist,1,8,1175.12,968.642,1175.116,1177.17,6.162,1195.654,0.523,1.542
A-n32-k5,32,4,dist,0,8,663.72,581.473,663.716,665.014,0.849,665.57,0.128,2.203
A-n32-k5,32,4,emis,1,8,1175.12,955.315,955.315,956.732,4.252,969.488,0.444,1.673
A-n32-k5,32,4,emis,0,8,665.57,579.94,579.94,580.198,0.516,581.23,0.089,2.374
A-n32-k5,32,5,dist,1,7,1031.09,873.66,1031.093,1033.327,6.345,1052.337,0.614,3.014
A-n32-k5,32,5,dist,0,7,586.91,526.607,586.913,587.091,0.534,588.693,0.091,3.057
A-n32-k5,32,5,emis,1,7,1037.81,857.894,857.894,859.608,5.14,875.029,0.598,3.809
A-n32-k5,32,5,emis,0,7,586.91,526.607,526.607,526.607,0.0,526.607,0.0,3.778
A-n32-k5,32,sin limite,dist,1,5,787.81,705.715,787.809,818.259,15.3,831.17,1.87,3.359
A-n32-k5,32,sin limite,dist,0,5,487.31,465.905,487.306,491.044,4.578,496.65,0.932,4.746
A-n32-k5,32,sin limite,emis,1,5,787.81,683.545,683.545,697.185,17.082,727.386,2.45,5.977
A-n32-k5,32,sin limite,emis,0,5,487.31,465.905,465.905,467.865,1.96,469.824,0.419,5.018
A-n37-k6,37,2,dist,1,18,2129.15,1668.11,2129.155,2131.091,5.437,2147.387,0.255,0.317
A-n37-k6,37,2,dist,0,18,1111.95,921.578,1111.949,1117.75,3.569,1122.476,0.319,0.318
A-n37-k6,37,2,emis,1,18,2129.15,1664.656,1664.656,1668.436,4.629,1681.438,0.277,0.501
A-n37-k6,37,2,emis,0,18,1111.1,920.054,920.054,923.782,2.699,928.712,0.292,0.295
A-n37-k6,37,3,dist,1,12,1538.63,1250.686,1538.634,1542.627,4.09,1550.858,0.265,1.14
A-n37-k6,37,3,dist,0,12,831.01,718.557,831.011,832.188,1.629,836.729,0.196,1.176
A-n37-k6,37,3,emis,1,12,1538.84,1239.727,1239.727,1242.576,3.375,1251.704,0.272,1.4
A-n37-k6,37,3,emis,0,12,831.37,718.551,718.551,719.14,0.797,720.731,0.111,1.354
A-n37-k6,37,4,dist,1,9,1254.6,1050.775,1254.603,1259.706,7.766,1282.532,0.616,1.835
A-n37-k6,37,4,dist,0,10,721.37,641.896,721.369,725.827,3.341,733.039,0.46,2.006
A-n37-k6,37,4,emis,1,9,1260.8,1043.057,1043.057,1045.944,4.02,1055.033,0.384,2.046
A-n37-k6,37,4,emis,0,10,714.68,635.061,635.061,642.509,4.961,649.53,0.772,2.107
A-n37-k6,37,5,dist,1,8,1112.45,962.98,1112.45,1115.725,3.235,1120.223,0.29,2.834
A-n37-k6,37,5,dist,0,8,649.16,592.131,649.163,650.969,1.406,653.505,0.216,3.772
A-n37-k6,37,5,emis,1,8,1122.96,942.343,942.343,944.0,1.587,947.264,0.168,3.396
A-n37-k6,37,5,emis,0,8,651.05,592.022,592.022,593.767,1.687,596.954,0.284,3.493
A-n37-k6,37,sin limite,dist,1,6,950.85,851.399,950.852,957.906,9.129,973.891,0.953,2.586
A-n37-k6,37,sin limite,dist,0,6,581.07,552.297,581.073,595.535,10.232,610.479,1.718,3.005
A-n37-k6,37,sin limite,emis,1,6,954.12,834.221,834.221,840.939,8.171,855.617,0.972,3.083
A-n37-k6,37,sin limite,emis,0,7,580.74,543.953,543.953,557.772,8.131,569.529,1.458,3.73
VW-n40,40,2,dist,1,20,93962,76519.125,93962,94075.7,140.818,94268,0.15,0.3
VW-n40,40,2,dist,0,20,47571.0,42527.34,47571.0,47658.1,67.129,47788.0,0.141,0.338
VW-n40,40,2,emis,1,20,93965,76423.97,76423.97,76448.189,16.764,76485.452,0.022,0.349
VW-n40,40,2,emis,0,20,47593.0,42523.696,42523.696,42581.42,36.507,42624.455,0.086,0.345
VW-n40,40,3,dist,1,14,68003,57814.089,68003,68135.9,73.013,68230,0.107,0.569
VW-n40,40,3,dist,0,14,34846.0,33283.196,34846.0,35023.1,120.288,35169.0,0.343,0.613
VW-n40,40,3,emis,1,14,67989,57462.676,57462.676,57883.283,831.619,60364.413,1.437,0.806
VW-n40,40,3,emis,0,14,34899.0,33315.238,33315.238,33795.715,484.931,34559.124,1.435,0.561
VW-n40,40,4,dist,1,13,63809,55001.615,63809,67099.5,2012.988,71478,3.0,0.658
VW-n40,40,4,dist,0,13,33080.0,32108.864,33080.0,34614.7,1009.298,36948.0,2.916,0.758
VW-n40,40,4,emis,1,13,63744,54464.891,54464.891,57184.591,1333.508,60396.697,2.332,0.847
VW-n40,40,4,emis,0,13,33067.0,32048.555,32048.555,32977.96,448.635,33331.667,1.36,0.959
VW-n40,40,5,dist,1,13,63735,54941.226,63735,66552.1,1380.357,67559,2.074,0.54
VW-n40,40,5,dist,0,13,32962.0,32035.332,32962.0,34384.5,650.418,34867.0,1.892,0.833
VW-n40,40,5,emis,1,13,63641,54382.209,54382.209,56672.16,764.125,56974.668,1.348,0.759
VW-n40,40,5,emis,0,13,33055.0,32037.816,32037.816,32599.953,532.266,33359.673,1.633,1.022
VW-n40,40,sin limite,dist,1,14,67148,57264.149,67148,67259.7,137.893,67530,0.205,0.675
VW-n40,40,sin limite,dist,0,14,34481.0,33057.105,34481.0,34613.0,91.841,34752.0,0.265,0.751
VW-n40,40,sin limite,emis,1,13,63907,54583.121,54583.121,56734.685,722.324,57198.406,1.273,1.05
VW-n40,40,sin limite,emis,0,13,33485.0,32367.076,32367.076,33048.592,241.415,33280.266,0.73,0.884
A-n48-k7,48,2,dist,1,24,2985.27,2317.422,2985.272,2988.076,1.534,2990.051,0.051,0.283
A-n48-k7,48,2,dist,0,24,1529.5,1247.043,1529.5,1538.603,4.689,1545.564,0.305,0.331
A-n48-k7,48,2,emis,1,24,2983.58,2313.015,2313.015,2316.316,2.782,2321.733,0.12,0.421
A-n48-k7,48,2,emis,0,24,1528.85,1244.982,1244.982,1249.961,3.267,1254.627,0.261,0.488
A-n48-k7,48,3,dist,1,16,2110.38,1689.78,2110.384,2125.753,13.302,2144.289,0.626,1.073
A-n48-k7,48,3,dist,0,16,1116.28,948.576,1116.281,1122.337,5.576,1134.542,0.497,1.377
A-n48-k7,48,3,emis,1,16,2110.44,1676.233,1676.233,1685.778,9.007,1700.559,0.534,1.493
A-n48-k7,48,3,emis,0,16,1115.75,948.154,948.154,950.652,2.648,955.206,0.279,1.833
A-n48-k7,48,4,dist,1,12,1677.27,1378.502,1677.273,1695.107,17.929,1726.549,1.058,3.074
A-n48-k7,48,4,dist,0,12,913.26,804.968,913.263,922.998,8.65,936.976,0.937,2.758
A-n48-k7,48,4,emis,1,12,1682.35,1372.567,1372.567,1382.282,11.325,1404.24,0.819,3.167
A-n48-k7,48,4,emis,0,12,914.6,805.635,805.635,810.393,4.407,818.325,0.544,3.274
A-n48-k7,48,5,dist,1,10,1430.61,1213.045,1430.611,1435.245,4.191,1443.485,0.292,4.752
A-n48-k7,48,5,dist,0,10,810.24,729.325,810.236,820.482,9.42,835.479,1.148,4.134
A-n48-k7,48,5,emis,1,10,1426.3,1191.715,1191.715,1197.625,4.361,1205.578,0.364,5.134
A-n48-k7,48,5,emis,0,10,810.24,729.325,729.325,737.932,9.921,755.925,1.344,5.519
A-n48-k7,48,sin limite,dist,1,7,1087.48,965.128,1087.478,1106.931,13.098,1133.418,1.183,4.908
A-n48-k7,48,sin limite,dist,0,7,675.89,640.855,675.887,685.82,10.603,711.04,1.546,8.465
A-n48-k7,48,sin limite,emis,1,7,1088.28,959.991,959.991,968.545,8.36,988.929,0.863,9.169
A-n48-k7,48,sin limite,emis,0,7,675.89,640.855,640.855,645.233,4.457,652.048,0.691,9.056
A-n53-k7,53,2,dist,1,26,2752.34,2135.879,2752.336,2761.862,7.642,2778.648,0.277,0.421
A-n53-k7,53,2,dist,0,26,1440.98,1172.949,1440.976,1447.18,5.215,1454.762,0.36,0.442
A-n53-k7,53,2,emis,1,26,2754.46,2132.61,2132.61,2138.119,3.868,2145.635,0.181,0.356
A-n53-k7,53,2,emis,0,26,1441.19,1172.247,1172.247,1177.81,4.01,1186.616,0.34,0.312
A-n53-k7,53,3,dist,1,18,1991.09,1585.69,1991.088,1999.875,6.11,2009.492,0.306,1.25
A-n53-k7,53,3,dist,0,18,1050.94,887.814,1050.942,1062.898,9.035,1085.483,0.85,1.59
A-n53-k7,53,3,emis,1,18,1991.09,1576.421,1576.421,1586.565,7.203,1602.094,0.454,1.425
A-n53-k7,53,3,emis,0,18,1048.89,886.618,886.618,893.561,4.06,901.686,0.454,1.552
A-n53-k7,53,4,dist,1,13,1588.99,1303.181,1588.994,1597.419,9.754,1625.045,0.611,2.621
A-n53-k7,53,4,dist,0,13,899.55,786.588,899.545,909.803,5.001,915.582,0.55,2.66
A-n53-k7,53,4,emis,1,13,1585.5,1290.533,1290.533,1303.244,7.12,1313.946,0.546,2.66
A-n53-k7,53,4,emis,0,13,891.71,779.816,779.816,788.028,4.437,796.822,0.563,2.927
A-n53-k7,53,5,dist,1,11,1369.33,1146.553,1369.328,1375.822,4.488,1383.076,0.326,4.825
A-n53-k7,53,5,dist,0,11,794.9,710.209,794.901,797.826,1.679,800.216,0.21,5.138
A-n53-k7,53,5,emis,1,11,1367.77,1134.58,1134.58,1142.73,4.701,1150.789,0.411,5.233
A-n53-k7,53,5,emis,0,11,795.32,708.369,708.369,711.596,1.964,715.763,0.276,5.391
A-n53-k7,53,sin limite,dist,1,7,1020.62,907.855,1020.618,1033.061,26.911,1113.189,2.605,7.693
A-n53-k7,53,sin limite,dist,0,7,655.18,633.708,655.184,677.479,15.374,702.12,2.269,7.791
A-n53-k7,53,sin limite,emis,1,7,1018.0,898.709,898.709,908.924,8.745,932.896,0.962,7.81
A-n53-k7,53,sin limite,emis,0,8,655.11,620.763,620.763,641.03,12.445,659.82,1.941,9.131
A-n63-k9,63,2,dist,1,31,4638.87,3616.459,4638.872,4645.223,7.175,4664.136,0.154,0.437
A-n63-k9,63,2,dist,0,31,2377.24,1956.436,2377.245,2386.845,6.793,2401.753,0.285,0.385
A-n63-k9,63,2,emis,1,31,4636.7,3613.339,3613.339,3620.807,5.636,3630.783,0.156,0.394
A-n63-k9,63,2,emis,0,31,2372.35,1950.877,1950.877,1960.694,3.919,1965.542,0.2,0.395
A-n63-k9,63,3,dist,1,21,3262.18,2630.572,3262.179,3275.371,7.388,3292.712,0.226,1.331
A-n63-k9,63,3,dist,0,21,1704.63,1465.612,1704.632,1713.225,5.48,1721.307,0.32,1.475
A-n63-k9,63,3,emis,1,21,3266.6,2611.984,2611.984,2621.669,4.574,2627.335,0.174,1.55
A-n63-k9,63,3,emis,0,21,1708.27,1466.608,1466.608,1473.44,4.156,1480.43,0.282,1.757
A-n63-k9,63,4,dist,1,16,2559.72,2138.677,2559.718,2570.11,9.988,2586.432,0.389,2.433
A-n63-k9,63,4,dist,0,16,1381.66,1234.546,1381.657,1390.923,7.772,1405.774,0.559,3.17
A-n63-k9,63,4,emis,1,16,2560.31,2100.452,2100.452,2111.624,6.061,2118.483,0.287,2.629
A-n63-k9,63,4,emis,0,16,1379.98,1234.84,1234.84,1242.988,6.186,1252.872,0.498,2.893
A-n63-k9,63,5,dist,1,13,2125.87,1820.149,2125.87,2138.465,10.121,2165.462,0.473,4.595
A-n63-k9,63,5,dist,0,13,1187.71,1102.217,1187.711,1196.824,7.881,1212.657,0.658,4.877
A-n63-k9,63,5,emis,1,13,2134.68,1800.54,1800.54,1812.357,13.894,1839.218,0.767,5.335
A-n63-k9,63,5,emis,0,13,1185.32,1096.742,1096.742,1104.229,5.558,1116.559,0.503,4.941
A-n63-k9,63,sin limite,dist,1,10,1647.07,1475.098,1647.07,1670.124,20.186,1709.786,1.209,3.483
A-n63-k9,63,sin limite,dist,0,9,968.03,951.05,968.032,992.868,17.641,1031.38,1.777,3.616
A-n63-k9,63,sin limite,emis,1,9,1643.15,1458.95,1458.95,1479.499,13.573,1505.668,0.917,4.474
A-n63-k9,63,sin limite,emis,0,9,962.74,934.366,934.366,959.177,16.305,988.422,1.7,4.237
A-n69-k9,69,2,dist,1,34,3057.43,2369.926,3057.432,3065.179,6.664,3079.299,0.217,0.302
A-n69-k9,69,2,dist,0,34,1593.19,1290.553,1593.19,1602.725,6.486,1614.993,0.405,0.396
A-n69-k9,69,2,emis,1,34,3051.28,2360.428,2360.428,2369.269,5.777,2377.543,0.244,0.383
A-n69-k9,69,2,emis,0,34,1589.83,1285.999,1285.999,1298.054,7.229,1311.691,0.557,0.529
A-n69-k9,69,3,dist,1,23,2229.27,1773.464,2229.267,2241.724,11.22,2264.302,0.501,1.279
A-n69-k9,69,3,dist,0,23,1185.71,995.376,1185.712,1195.314,6.031,1206.964,0.505,1.595
A-n69-k9,69,3,emis,1,23,2233.72,1764.657,1764.657,1773.373,5.527,1783.047,0.312,1.376
A-n69-k9,69,3,emis,0,23,1188.97,995.664,995.664,1000.403,3.088,1005.027,0.309,1.611
A-n69-k9,69,4,dist,1,17,1798.53,1467.139,1798.53,1809.655,9.215,1828.626,0.509,2.256
A-n69-k9,69,4,dist,0,17,1002.16,864.277,1002.158,1022.666,15.822,1042.58,1.547,2.841
A-n69-k9,69,4,emis,1,17,1791.4,1445.267,1445.267,1459.51,8.759,1472.083,0.6,2.83
A-n69-k9,69,4,emis,0,17,1004.19,865.491,865.491,876.761,6.997,885.292,0.798,3.289
A-n69-k9,69,5,dist,1,14,1536.05,1292.865,1536.048,1552.983,9.296,1566.932,0.599,5.517
A-n69-k9,69,5,dist,0,14,889.41,787.13,889.406,902.09,11.742,928.45,1.302,4.23
A-n69-k9,69,5,emis,1,14,1540.29,1276.664,1276.664,1284.103,5.561,1298.627,0.433,4.625
A-n69-k9,69,5,emis,0,14,888.83,782.605,782.605,795.911,10.615,814.324,1.334,6.23
A-n69-k9,69,sin limite,dist,1,9,1176.47,1046.544,1176.467,1187.987,6.69,1198.77,0.563,8.467
A-n69-k9,69,sin limite,dist,0,9,775.29,725.853,775.288,797.553,19.499,834.836,2.445,6.913
A-n69-k9,69,sin limite,emis,1,9,1184.54,1034.025,1034.025,1044.097,7.541,1055.932,0.722,8.956
A-n69-k9,69,sin limite,emis,0,10,771.56,711.475,711.475,738.448,12.913,761.611,1.749,11.453
A-n80-k10,80,2,dist,1,40,5912.35,4560.896,5912.354,5930.135,8.744,5944.811,0.147,0.404
A-n80-k10,80,2,dist,0,40,3013.7,2430.432,3013.699,3041.668,12.861,3055.102,0.423,0.44
A-n80-k10,80,2,emis,1,40,5899.32,4544.596,4544.596,4566.555,10.143,4583.917,0.222,0.36
A-n80-k10,80,2,emis,0,40,3029.61,2441.613,2441.613,2455.316,9.69,2472.935,0.395,0.44
A-n80-k10,80,3,dist,1,27,4129.91,3272.463,4129.91,4167.493,16.721,4187.61,0.401,1.349
A-n80-k10,80,3,dist,0,27,2167.24,1816.76,2167.243,2174.825,5.744,2183.001,0.264,1.414
A-n80-k10,80,3,emis,1,27,4129.91,3255.084,3255.084,3285.201,14.642,3311.124,0.446,1.685
A-n80-k10,80,3,emis,0,27,2168.47,1817.902,1817.902,1824.492,3.242,1829.331,0.178,1.402
A-n80-k10,80,4,dist,1,20,3236.63,2625.215,3236.627,3249.84,11.241,3278.235,0.346,2.982
A-n80-k10,80,4,dist,0,20,1743.97,1509.953,1743.971,1753.083,7.068,1765.332,0.403,3.429
A-n80-k10,80,4,emis,1,20,3230.06,2603.499,2603.499,2629.526,13.295,2651.265,0.506,2.924
A-n80-k10,80,4,emis,0,20,1741.7,1508.43,1508.43,1515.815,5.583,1525.474,0.368,3.574
A-n80-k10,80,5,dist,1,16,2699.26,2245.686,2699.256,2715.368,15.1,2747.983,0.556,4.287
A-n80-k10,80,5,dist,0,16,1496.42,1337.587,1496.423,1509.21,8.445,1520.145,0.56,4.742
A-n80-k10,80,5,emis,1,16,2695.94,2217.587,2217.587,2229.66,7.874,2240.959,0.353,6.713
A-n80-k10,80,5,emis,0,16,1492.37,1327.996,1327.996,1341.018,8.663,1356.856,0.646,6.371
A-n80-k10,80,sin limite,dist,1,10,1798.1,1633.54,1798.098,1830.211,20.782,1870.941,1.136,6.788
A-n80-k10,80,sin limite,dist,0,10,1096.62,1066.658,1096.625,1113.175,12.557,1137.233,1.128,9.239
A-n80-k10,80,sin limite,emis,1,10,1813.32,1606.424,1606.424,1619.501,12.397,1646.805,0.765,9.644
A-n80-k10,80,sin limite,emis,0,10,1097.23,1054.491,1054.491,1063.479,7.754,1082.58,0.729,15.826
