base,S_pred,S,q_medio,rutas,co2,km,cv_pct
A-n32-k5,2.5,2,9600,16,1067.731,1089.79,0.297
A-n32-k5,2.5,3,9600,14,983.142,963.36,0.804
A-n32-k5,2.5,4,9600,14,972.996,949.43,0.467
A-n32-k5,2.5,5,9600,14,971.131,947.58,0.729
A-n32-k5,2.5,6,9600,14,970.873,946.53,0.671
A-n32-k5,2.5,7,9600,14,970.873,946.53,0.671
A-n32-k5,2.5,8,9600,14,970.873,946.53,0.671
A-n32-k5,2.5,9,9600,14,970.873,946.53,0.671
A-n32-k5,2.5,10,9600,14,970.873,946.53,0.671
A-n32-k5,3.5,2,6857,16,970.665,1062.57,0.156
A-n32-k5,3.5,3,6857,11,799.137,826.99,0.152
A-n32-k5,3.5,4,6857,10,775.268,785.73,0.539
A-n32-k5,3.5,5,6857,10,770.005,774.43,0.245
A-n32-k5,3.5,6,6857,10,768.35,774.58,0.528
A-n32-k5,3.5,7,6857,10,768.35,774.58,0.502
A-n32-k5,3.5,8,6857,10,768.35,774.58,0.502
A-n32-k5,3.5,9,6857,10,768.35,774.58,0.502
A-n32-k5,3.5,10,6857,10,768.35,774.58,0.502
A-n32-k5,4.5,2,5333,16,926.121,1061.51,0.216
A-n32-k5,4.5,3,5333,11,742.701,805.24,0.073
A-n32-k5,4.5,4,5333,8,658.206,686.96,0.134
A-n32-k5,4.5,5,5333,8,629.768,642.76,0.154
A-n32-k5,4.5,6,5333,8,626.594,639.14,0.071
A-n32-k5,4.5,7,5333,8,626.594,639.14,0.071
A-n32-k5,4.5,8,5333,8,626.594,639.14,0.071
A-n32-k5,4.5,9,5333,8,626.594,639.14,0.071
A-n32-k5,4.5,10,5333,8,626.594,639.14,0.071
A-n32-k5,6.0,2,4000,16,887.572,1060.79,0.214
A-n32-k5,6.0,3,4000,11,703.962,805.24,0.709
A-n32-k5,6.0,4,4000,8,604.432,665.57,0.0
A-n32-k5,6.0,5,4000,7,564.347,603.15,0.0
A-n32-k5,6.0,6,4000,6,548.666,575.71,0.797
A-n32-k5,6.0,7,4000,6,543.952,562.8,0.24
A-n32-k5,6.0,8,4000,6,540.42,549.61,0.052
A-n32-k5,6.0,9,4000,6,540.42,549.61,0.052
A-n32-k5,6.0,10,4000,6,540.42,549.61,0.064
A-n32-k5,8.0,2,3000,16,861.639,1063.8,0.183
A-n32-k5,8.0,3,3000,11,674.907,805.24,0.056
A-n32-k5,8.0,4,3000,8,574.774,665.57,0.091
A-n32-k5,8.0,5,3000,7,521.216,586.91,0.0
A-n32-k5,8.0,6,3000,6,497.08,553.13,0.067
A-n32-k5,8.0,7,3000,5,470.152,511.02,0.443
A-n32-k5,8.0,8,3000,5,465.229,504.08,0.0
A-n32-k5,8.0,9,3000,5,457.568,485.56,0.0
A-n32-k5,8.0,10,3000,5,457.568,485.56,3.1
A-n53-k7,2.5,2,9600,27,1470.948,1505.91,0.584
A-n53-k7,2.5,3,9600,24,1359.692,1350.08,0.636
A-n53-k7,2.5,4,9600,24,1355.423,1339.38,0.187
A-n53-k7,2.5,5,9600,24,1355.423,1339.38,0.749
A-n53-k7,2.5,6,9600,24,1349.794,1342.96,0.831
A-n53-k7,2.5,7,9600,24,1355.423,1339.38,0.702
A-n53-k7,2.5,8,9600,24,1355.423,1339.38,0.702
A-n53-k7,2.5,9,9600,24,1355.423,1339.38,0.702
A-n53-k7,2.5,10,9600,24,1355.423,1339.38,0.702
A-n53-k7,3.5,2,6857,26,1332.082,1454.05,0.091
A-n53-k7,3.5,3,6857,19,1080.66,1110.6,1.126
A-n53-k7,3.5,4,6857,17,1033.626,1040.4,0.519
A-n53-k7,3.5,5,6857,17,1017.535,1026.25,0.443
A-n53-k7,3.5,6,6857,17,1018.669,1021.27,0.621
A-n53-k7,3.5,7,6857,17,1014.89,1021.46,0.493
A-n53-k7,3.5,8,6857,17,1014.893,1021.84,0.55
A-n53-k7,3.5,9,6857,17,1014.893,1021.84,0.4
A-n53-k7,3.5,10,6857,17,1014.893,1021.84,0.4
A-n53-k7,4.5,2,5333,26,1258.793,1441.16,0.382
A-n53-k7,4.5,3,5333,18,978.202,1052.66,0.676
A-n53-k7,4.5,4,5333,15,893.946,936.47,0.594
A-n53-k7,4.5,5,5333,13,848.802,860.27,0.956
A-n53-k7,4.5,6,5333,13,837.492,849.44,0.839
A-n53-k7,4.5,7,5333,13,836.896,849.35,1.0
A-n53-k7,4.5,8,5333,13,846.832,854.14,0.879
A-n53-k7,4.5,9,5333,13,835.7,844.8,0.551
A-n53-k7,4.5,10,5333,13,835.7,844.8,0.551
A-n53-k7,6.0,2,4000,26,1212.976,1448.68,0.452
A-n53-k7,6.0,3,4000,18,926.507,1053.53,0.27
A-n53-k7,6.0,4,4000,13,816.486,890.76,0.954
A-n53-k7,6.0,5,4000,11,758.759,808.17,0.466
A-n53-k7,6.0,6,4000,11,740.435,787.1,0.704
A-n53-k7,6.0,7,4000,10,710.689,738.82,0.256
A-n53-k7,6.0,8,4000,10,710.554,739.18,1.257
A-n53-k7,6.0,9,4000,10,712.045,741.45,2.127
A-n53-k7,6.0,10,4000,10,707.627,734.94,2.274
A-n53-k7,8.0,2,3000,26,1172.638,1447.42,0.148
A-n53-k7,8.0,3,3000,18,888.679,1054.94,0.243
A-n53-k7,8.0,4,3000,13,783.583,901.24,0.424
A-n53-k7,8.0,5,3000,11,702.987,791.32,0.31
A-n53-k7,8.0,6,3000,10,662.478,735.71,1.413
A-n53-k7,8.0,7,3000,9,633.591,688.26,0.824
A-n53-k7,8.0,8,3000,8,622.503,667.83,2.528
A-n53-k7,8.0,9,3000,7,626.944,658.14,1.395
A-n53-k7,8.0,10,3000,7,617.327,648.21,2.415
A-n80-k10,2.5,2,9600,40,3081.783,3157.59,0.449
A-n80-k10,2.5,3,9600,38,2800.351,2775.88,1.057
A-n80-k10,2.5,4,9600,37,2781.315,2749.5,0.818
A-n80-k10,2.5,5,9600,37,2771.483,2724.86,1.021
A-n80-k10,2.5,6,9600,37,2784.935,2741.22,0.646
A-n80-k10,2.5,7,9600,37,2787.53,2741.29,0.581
A-n80-k10,2.5,8,9600,37,2779.328,2731.48,0.683
A-n80-k10,2.5,9,9600,37,2779.328,2731.48,0.683
A-n80-k10,2.5,10,9600,37,2779.328,2731.48,0.683
A-n80-k10,3.5,2,6857,40,2784.353,3054.9,0.197
A-n80-k10,3.5,3,6857,28,2224.876,2273.65,0.56
A-n80-k10,3.5,4,6857,25,2096.812,2090.45,0.773
A-n80-k10,3.5,5,6857,25,2055.548,2032.98,0.57
A-n80-k10,3.5,6,6857,25,2042.674,2014.88,0.602
A-n80-k10,3.5,7,6857,25,2042.674,2014.88,0.398
A-n80-k10,3.5,8,6857,25,2042.674,2014.88,0.377
A-n80-k10,3.5,9,6857,25,2042.674,2014.88,0.419
A-n80-k10,3.5,10,6857,25,2042.674,2014.88,0.342
A-n80-k10,4.5,2,5333,40,2638.477,3023.37,0.211
A-n80-k10,4.5,3,5333,27,2016.757,2166.63,0.452
A-n80-k10,4.5,4,5333,21,1787.996,1843.8,0.327
A-n80-k10,4.5,5,5333,19,1703.386,1723.99,0.977
A-n80-k10,4.5,6,5333,19,1671.938,1679.55,0.596
A-n80-k10,4.5,7,5333,19,1666.394,1672.32,0.361
A-n80-k10,4.5,8,5333,19,1667.943,1663.83,0.601
A-n80-k10,4.5,9,5333,19,1657.322,1651.42,0.763
A-n80-k10,4.5,10,5333,19,1660.398,1656.51,0.582
A-n80-k10,6.0,2,4000,40,2533.916,3028.57,0.24
A-n80-k10,6.0,3,4000,27,1907.858,2166.53,0.209
A-n80-k10,6.0,4,4000,20,1613.694,1757.76,0.279
A-n80-k10,6.0,5,4000,17,1458.526,1536.12,0.565
A-n80-k10,6.0,6,4000,15,1380.296,1423.88,1.862
A-n80-k10,6.0,7,4000,14,1369.025,1400.96,0.546
A-n80-k10,6.0,8,4000,14,1350.441,1383.95,0.698
A-n80-k10,6.0,9,4000,14,1336.946,1356.73,1.66
A-n80-k10,6.0,10,4000,14,1350.309,1373.6,0.74
A-n80-k10,8.0,2,3000,40,2460.205,3038.6,0.221
A-n80-k10,8.0,3,3000,27,1824.182,2163.96,0.306
A-n80-k10,8.0,4,3000,20,1520.302,1741.41,0.325
A-n80-k10,8.0,5,3000,16,1344.319,1496.24,0.379
A-n80-k10,8.0,6,3000,14,1225.621,1330.55,1.028
A-n80-k10,8.0,7,3000,12,1161.467,1244.5,0.395
A-n80-k10,8.0,8,3000,11,1127.299,1183.63,1.093
A-n80-k10,8.0,9,3000,11,1096.118,1144.02,0.774
A-n80-k10,8.0,10,3000,11,1105.35,1162.14,0.416
VW-n40,2.5,2,9600,22,50462.065,51705.0,0.206
VW-n40,2.5,3,9600,16,41829.257,39624.0,0.966
VW-n40,2.5,4,9600,16,40919.763,38539.0,0.207
VW-n40,2.5,5,9600,16,40683.661,38296.0,0.04
VW-n40,2.5,6,9600,16,40681.462,38286.0,0.042
VW-n40,2.5,7,9600,16,40622.947,38195.0,0.085
VW-n40,2.5,8,9600,15,39953.156,36992.0,0.73
VW-n40,2.5,9,9600,15,39953.156,36992.0,0.733
VW-n40,2.5,10,9600,15,39953.156,36992.0,0.741
VW-n40,3.5,2,6857,20,43821.556,47553.0,0.039
VW-n40,3.5,3,6857,14,34315.626,34390.0,0.151
VW-n40,3.5,4,6857,12,31185.696,30047.0,1.229
VW-n40,3.5,5,6857,12,30679.337,29436.0,0.095
VW-n40,3.5,6,6857,12,30558.455,29316.0,0.099
VW-n40,3.5,7,6857,12,30559.306,29316.0,0.168
VW-n40,3.5,8,6857,12,30554.448,29312.0,0.155
VW-n40,3.5,9,6857,12,30553.488,29312.0,0.074
VW-n40,3.5,10,6857,12,30590.901,29352.0,0.072
VW-n40,4.5,2,5333,20,41492.087,47140.0,0.064
VW-n40,4.5,3,5333,13,30776.271,32410.0,1.289
VW-n40,4.5,4,5333,11,27048.204,27263.0,0.026
VW-n40,4.5,5,5333,10,25208.733,24784.0,0.067
VW-n40,4.5,6,5333,10,25074.603,24607.0,0.047
VW-n40,4.5,7,5333,9,24465.505,23549.0,1.024
VW-n40,4.5,8,5333,9,24228.537,23235.0,1.386
VW-n40,4.5,9,5333,9,24259.531,23300.0,1.337
VW-n40,4.5,10,5333,9,24032.429,23009.0,2.107
VW-n40,6.0,2,4000,20,39713.397,47131.0,0.042
VW-n40,6.0,3,4000,13,28653.387,31958.0,0.016
VW-n40,6.0,4,4000,10,23919.463,25408.0,0.223
VW-n40,6.0,5,4000,8,20963.91,21290.0,1.872
VW-n40,6.0,6,4000,8,20452.25,20604.0,0.064
VW-n40,6.0,7,4000,8,20199.879,20319.0,0.031
VW-n40,6.0,8,4000,7,18850.572,18325.0,0.529
VW-n40,6.0,9,4000,7,18843.915,18345.0,0.349
VW-n40,6.0,10,4000,7,18845.44,18331.0,0.448
VW-n40,8.0,2,3000,20,38397.101,47147.0,0.068
VW-n40,8.0,3,3000,13,27319.976,31947.0,0.003
VW-n40,8.0,4,3000,10,22369.432,25153.0,0.027
VW-n40,8.0,5,3000,8,19126.282,20683.0,0.111
VW-n40,8.0,6,3000,7,17648.764,18617.0,0.077
VW-n40,8.0,7,3000,6,16217.692,16586.0,0.234
VW-n40,8.0,8,3000,6,16009.992,16332.0,0.365
VW-n40,8.0,9,3000,5,14939.29,14732.0,1.948
VW-n40,8.0,10,3000,5,14820.072,14621.0,2.505
